match_id,home_team,away_team,home_goals,away_goals,match_outcome,home_ball_possession,home_pass_accuracy,home_total_shots,home_expected_goals,away_ball_possession,away_pass_accuracy,away_total_shots,away_expected_goals,home_team_id,away_team_id,home_goals_hist,away_goals_hist,home_ball_possession_hist,away_ball_possession_hist,home_pass_accuracy_hist,away_pass_accuracy_hist,home_total_shots_hist,away_total_shots_hist,home_expected_goals_hist,away_expected_goals_hist
1035037,Burnley,Manchester City,0,3,Loss,34.0,79.0,6.0,0.33,66.0,90.0,17.0,2.08,5,12,0.0,3.0,34.0,66.0,79.0,90.0,6.0,17.0,0.33,2.08
1035038,Arsenal,Nottingham Forest,2,1,Win,78.0,90.0,15.0,0.83,22.0,69.0,6.0,1.18,0,15,2.0,1.0,78.0,22.0,90.0,69.0,15.0,6.0,0.83,1.18
1035039,Bournemouth,West Ham,1,1,Draw,63.0,82.0,14.0,1.37,37.0,68.0,16.0,1.07,2,18,1.0,1.0,63.0,37.0,82.0,68.0,14.0,16.0,1.37,1.07
1035041,Everton,Fulham,0,1,Loss,41.0,79.0,19.0,2.73,59.0,85.0,9.0,1.5,8,9,0.0,1.0,41.0,59.0,79.0,85.0,19.0,9.0,2.73,1.5
1035040,Brighton,Luton,4,1,Win,71.0,91.0,27.0,4.01,29.0,72.0,9.0,1.48,4,11,4.0,1.0,71.0,29.0,91.0,72.0,27.0,9.0,4.01,1.48
1035042,Sheffield Utd,Crystal Palace,0,1,Loss,32.0,62.0,8.0,0.51,68.0,83.0,24.0,1.89,16,7,0.0,1.0,32.0,68.0,62.0,83.0,8.0,24.0,0.51,1.89
1035043,Newcastle,Aston Villa,5,1,Win,53.0,85.0,17.0,3.41,47.0,85.0,16.0,1.77,14,1,5.0,1.0,53.0,47.0,85.0,85.0,17.0,16.0,3.41,1.77
1035044,Brentford,Tottenham,2,2,Draw,30.0,77.0,11.0,2.22,70.0,90.0,18.0,1.27,3,17,2.0,2.0,30.0,70.0,77.0,90.0,11.0,18.0,2.22,1.27
1035045,Chelsea,Liverpool,1,1,Draw,65.0,87.0,10.0,1.35,35.0,80.0,13.0,1.28,6,10,1.0,1.0,65.0,35.0,87.0,80.0,10.0,13.0,1.35,1.28
1035046,Manchester United,Wolves,1,0,Win,51.0,82.0,15.0,2.21,49.0,81.0,23.0,2.35,13,19,1.0,0.0,51.0,49.0,82.0,81.0,15.0,23.0,2.21,2.35
1035053,Nottingham Forest,Sheffield Utd,2,1,Win,50.0,79.0,16.0,1.39,50.0,75.0,7.0,0.5,15,16,2.0,1.0,50.0,50.0,79.0,75.0,16.0,7.0,1.39,0.5
1035049,Fulham,Brentford,0,3,Loss,55.0,84.0,10.0,0.46,45.0,83.0,17.0,3.93,9,3,0.0,3.0,55.0,45.0,84.0,83.0,10.0,17.0,0.46,3.93
1035056,Wolves,Brighton,1,4,Loss,46.0,84.0,16.0,2.14,54.0,88.0,16.0,2.22,19,4,1.0,4.0,46.0,54.0,84.0,88.0,16.0,16.0,2.14,2.22
1035050,Liverpool,Bournemouth,3,1,Win,65.0,86.0,26.0,3.08,35.0,73.0,13.0,1.29,10,2,3.0,1.0,65.0,35.0,86.0,73.0,26.0,13.0,3.08,1.29
1035054,Tottenham,Manchester United,2,0,Win,56.0,85.0,17.0,1.74,44.0,83.0,22.0,2.07,17,13,2.0,0.0,56.0,44.0,85.0,83.0,17.0,22.0,1.74,2.07
1035052,Manchester City,Newcastle,1,0,Win,60.0,90.0,14.0,1.08,40.0,86.0,7.0,0.29,12,14,1.0,0.0,60.0,40.0,90.0,86.0,14.0,7.0,1.08,0.29
1035047,Aston Villa,Everton,4,0,Win,60.0,90.0,13.0,3.0,40.0,81.0,9.0,0.63,1,8,4.0,0.0,60.0,40.0,90.0,81.0,13.0,9.0,3.0,0.63
1035055,West Ham,Chelsea,3,1,Win,24.0,69.0,12.0,1.8,76.0,88.0,17.0,2.49,18,6,3.0,1.0,24.0,76.0,69.0,88.0,12.0,17.0,1.8,2.49
1035048,Crystal Palace,Arsenal,0,1,Loss,47.0,86.0,14.0,1.01,53.0,86.0,14.0,2.02,7,0,0.0,1.0,47.0,53.0,86.0,86.0,14.0,14.0,1.01,2.02
1035062,Chelsea,Luton,3,0,Win,67.0,92.0,19.0,2.27,33.0,78.0,11.0,0.44,6,11,1.0,1.0,65.0,29.0,87.0,72.0,10.0,9.0,1.35,1.48
1035057,Bournemouth,Tottenham,0,2,Loss,43.0,80.0,11.0,0.67,57.0,89.0,17.0,2.06,2,17,1.0,2.0,63.0,70.0,82.0,90.0,14.0,18.0,1.37,1.27
1035064,Manchester United,Nottingham Forest,3,2,Win,66.0,86.0,18.0,2.83,34.0,72.0,9.0,1.21,13,15,1.0,1.0,51.0,22.0,82.0,69.0,15.0,6.0,2.21,1.18
1035058,Arsenal,Fulham,2,2,Draw,71.0,90.0,19.0,3.2,29.0,72.0,8.0,0.56,0,9,2.0,1.0,78.0,59.0,90.0,85.0,15.0,9.0,0.83,1.5
1035063,Everton,Wolves,0,1,Loss,47.0,82.0,15.0,1.34,53.0,84.0,11.0,1.08,8,19,0.0,0.0,41.0,49.0,79.0,81.0,19.0,23.0,2.73,2.35
1035059,Brentford,Crystal Palace,1,1,Draw,60.0,85.0,12.0,0.97,40.0,81.0,15.0,0.8,3,7,2.0,1.0,30.0,68.0,77.0,83.0,11.0,24.0,2.22,1.89
1035060,Brighton,West Ham,1,3,Loss,78.0,89.0,25.0,1.48,22.0,68.0,12.0,3.23,4,18,4.0,1.0,71.0,37.0,91.0,68.0,27.0,16.0,4.01,1.07
1035061,Burnley,Aston Villa,1,3,Loss,57.0,89.0,9.0,0.73,43.0,84.0,16.0,2.7,5,1,0.0,1.0,34.0,47.0,79.0,85.0,6.0,16.0,0.33,1.77
1035066,Sheffield Utd,Manchester City,1,2,Loss,21.0,68.0,6.0,0.67,79.0,92.0,30.0,3.6,16,12,0.0,3.0,32.0,66.0,62.0,90.0,8.0,17.0,0.51,2.08
1035065,Newcastle,Liverpool,1,2,Loss,60.0,86.0,23.0,1.99,40.0,80.0,9.0,0.88,14,10,5.0,1.0,53.0,35.0,85.0,80.0,17.0,13.0,3.41,1.28
1035074,Luton,West Ham,1,2,Loss,39.0,73.0,16.0,1.47,61.0,83.0,9.0,1.03,11,18,1.0,2.0,39.0,29.5,73.0,68.0,16.0,14.0,1.47,2.15
1035076,Sheffield Utd,Everton,2,2,Draw,45.0,74.0,13.0,1.19,55.0,76.0,16.0,2.59,16,8,0.5,0.0,26.5,40.0,65.0,81.0,7.0,9.0,0.5900000000000001,0.63
1035070,Burnley,Tottenham,2,5,Loss,46.0,81.0,16.0,1.36,54.0,87.0,21.0,2.28,5,17,0.5,2.0,45.5,63.5,84.0,89.5,7.5,17.5,0.53,1.665
1035071,Chelsea,Nottingham Forest,0,1,Loss,76.0,89.0,21.0,2.3,24.0,62.0,7.0,0.76,6,15,2.0,1.5,66.0,28.0,89.5,70.5,14.5,7.5,1.81,1.1949999999999998
1035075,Manchester City,Fulham,5,1,Win,68.0,89.0,7.0,2.26,32.0,81.0,6.0,1.45,12,9,1.0,1.5,60.0,44.0,90.0,78.5,14.0,8.5,1.08,1.03
1035068,Brentford,Bournemouth,2,2,Draw,61.0,83.0,21.0,2.91,39.0,72.0,12.0,2.09,3,2,1.5,1.0,45.0,35.0,81.0,73.0,11.5,13.0,1.5950000000000002,1.29
1035069,Brighton,Newcastle,3,1,Win,56.0,90.0,15.0,1.3,44.0,84.0,9.0,1.23,4,14,2.5,0.0,74.5,40.0,90.0,86.0,26.0,7.0,2.745,0.29
1035073,Liverpool,Aston Villa,3,0,Win,64.0,91.0,17.0,2.47,36.0,81.0,9.0,0.66,10,1,3.0,2.0,65.0,45.0,86.0,84.5,26.0,16.0,3.08,2.2350000000000003
1035072,Crystal Palace,Wolves,3,2,Win,43.0,80.0,16.0,2.11,57.0,84.0,12.0,1.18,7,19,0.0,0.5,47.0,51.0,86.0,82.5,14.0,17.0,1.01,1.715
1035067,Arsenal,Manchester United,3,1,Win,55.0,87.0,17.0,2.27,45.0,85.0,10.0,0.94,0,13,2.0,0.0,74.5,44.0,90.0,83.0,17.0,22.0,2.015,2.07
1035086,Wolves,Liverpool,1,3,Loss,34.0,81.0,11.0,0.63,66.0,88.0,16.0,2.52,19,10,1.0,1.5,46.0,37.5,84.0,80.0,16.0,11.0,2.14,1.08
1035081,Manchester United,Brighton,1,3,Loss,44.0,86.0,14.0,0.96,56.0,91.0,10.0,1.7,13,4,2.0,4.0,58.5,54.0,84.0,88.0,16.5,16.0,2.52,2.22
1035080,Fulham,Luton,1,0,Win,78.0,91.0,13.0,0.96,22.0,68.0,7.0,1.1,9,11,0.0,0.5,55.0,31.0,84.0,75.0,10.0,10.0,0.46,0.96
1035084,Tottenham,Sheffield Utd,2,1,Win,70.0,88.0,28.0,2.12,30.0,69.0,7.0,0.66,17,16,2.0,1.0,56.0,50.0,85.0,75.0,17.0,7.0,1.74,0.5
1035085,West Ham,Manchester City,1,3,Loss,32.0,86.0,6.0,0.94,68.0,93.0,29.0,3.63,18,12,3.0,2.5,24.0,72.5,69.0,91.0,12.0,23.5,1.8,2.84
1035078,Aston Villa,Crystal Palace,3,1,Win,67.0,86.0,16.0,3.21,33.0,75.0,6.0,1.17,1,7,4.0,1.0,60.0,54.0,90.0,82.0,13.0,19.5,3.0,1.345
1035082,Newcastle,Brentford,1,0,Win,56.0,78.0,9.0,1.44,44.0,72.0,11.0,0.5,14,3,3.0,3.0,56.5,45.0,85.5,83.0,20.0,17.0,2.7,3.93
1035077,Bournemouth,Chelsea,0,0,Draw,35.0,79.0,13.0,1.04,65.0,87.0,14.0,1.85,2,6,0.5,1.0,53.0,76.0,81.0,88.0,12.5,17.0,1.02,2.49
1035079,Everton,Arsenal,0,1,Loss,26.0,67.0,8.0,0.34,74.0,89.0,13.0,1.02,8,0,0.0,1.0,44.0,53.0,80.5,86.0,17.0,14.0,2.035,2.02
1035083,Nottingham Forest,Burnley,1,1,Draw,46.0,79.0,14.0,0.71,54.0,84.0,10.0,0.55,15,5,2.0,1.0,50.0,54.0,79.0,84.0,16.0,10.0,1.39,0.55
1035095,Manchester City,Nottingham Forest,2,0,Win,57.0,89.0,7.0,1.33,43.0,86.0,10.0,1.03,12,15,3.0,1.3333333333333333,64.0,26.666666666666668,89.5,67.66666666666667,10.5,7.333333333333333,1.67,1.05
1035092,Crystal Palace,Fulham,0,0,Draw,51.0,81.0,7.0,0.3,49.0,83.0,10.0,0.59,7,9,1.5,1.3333333333333333,45.0,40.0,83.0,79.33333333333333,15.0,7.666666666666667,1.56,1.17
1035094,Luton,Wolves,1,1,Draw,56.0,77.0,20.0,2.17,44.0,73.0,3.0,0.59,11,19,1.0,1.0,39.0,53.0,73.0,83.0,16.0,15.333333333333334,1.47,1.5366666666666668
1035088,Brentford,Everton,1,3,Loss,57.0,82.0,12.0,1.03,43.0,80.0,18.0,1.9,3,8,1.6666666666666667,1.0,50.333333333333336,47.5,81.66666666666667,78.5,14.666666666666666,12.5,2.0333333333333337,1.6099999999999999
1035090,Burnley,Manchester United,0,1,Loss,62.0,88.0,12.0,1.09,38.0,80.0,11.0,0.97,5,13,1.0,0.5,45.666666666666664,44.5,83.0,84.0,10.333333333333334,16.0,0.8066666666666666,1.505
1035093,Liverpool,West Ham,3,1,Win,64.0,89.0,22.0,3.03,36.0,78.0,11.0,1.1,10,18,3.0,2.0,64.5,40.0,88.5,73.0,21.5,12.333333333333334,2.7750000000000004,1.7766666666666666
1035087,Arsenal,Tottenham,2,2,Draw,47.0,84.0,13.0,2.03,53.0,86.0,13.0,1.46,0,17,2.3333333333333335,3.0,68.0,60.333333333333336,89.0,88.66666666666667,17.0,18.666666666666668,2.1,1.8699999999999999
1035091,Chelsea,Aston Villa,0,1,Loss,53.0,86.0,10.0,1.33,47.0,85.0,15.0,1.07,6,1,1.3333333333333333,1.3333333333333333,69.33333333333333,42.0,89.33333333333333,83.33333333333333,16.666666666666668,13.666666666666666,1.9733333333333334,1.71
1035089,Brighton,Bournemouth,3,1,Win,62.0,87.0,13.0,1.85,38.0,77.0,12.0,1.14,4,2,2.6666666666666665,1.5,68.33333333333333,37.0,90.0,72.5,22.333333333333332,12.5,2.263333333333333,1.69
1035096,Sheffield Utd,Newcastle,0,8,Loss,42.0,79.0,9.0,0.94,58.0,87.0,22.0,3.92,16,14,1.0,0.5,32.666666666666664,42.0,68.0,85.0,9.0,8.0,0.79,0.76
1035098,Aston Villa,Brighton,6,1,Win,38.0,78.0,19.0,1.58,62.0,89.0,11.0,1.71,1,4,3.5,3.5,63.5,55.0,88.0,89.5,14.5,13.0,3.105,1.96
1035101,Manchester United,Crystal Palace,0,1,Loss,77.0,88.0,19.0,1.3,23.0,67.0,8.0,0.9,13,7,1.6666666666666667,1.0,53.666666666666664,47.0,84.66666666666667,79.66666666666667,15.666666666666666,15.0,2.0,1.2866666666666666
1035102,Newcastle,Burnley,2,0,Win,53.0,81.0,20.0,3.19,47.0,79.0,8.0,0.65,14,5,2.3333333333333335,1.0,56.333333333333336,54.0,83.0,84.0,16.333333333333332,10.0,2.28,0.55
1035097,Bournemouth,Arsenal,0,4,Loss,42.0,81.0,8.0,0.65,58.0,88.0,15.0,3.43,2,0,0.3333333333333333,1.0,47.0,63.5,80.33333333333333,87.5,12.666666666666666,13.5,1.0266666666666666,1.52
1035106,Wolves,Manchester City,2,1,Win,32.0,76.0,3.0,0.47,68.0,88.0,23.0,0.87,19,12,1.0,2.6666666666666665,40.0,71.0,82.5,91.66666666666667,13.5,25.333333333333332,1.385,3.1033333333333335
1035099,Everton,Luton,1,2,Loss,68.0,80.0,23.0,2.9,32.0,53.0,9.0,0.89,8,11,0.0,0.3333333333333333,38.0,28.0,76.0,72.66666666666667,14.0,9.0,1.47,1.0066666666666666
1035105,West Ham,Sheffield Utd,2,0,Win,52.0,86.0,20.0,2.14,48.0,83.0,16.0,1.07,18,16,2.0,1.0,28.0,40.0,77.5,72.0,9.0,7.0,1.37,0.5800000000000001
1035104,Tottenham,Liverpool,2,1,Win,65.0,91.0,24.0,2.23,35.0,77.0,12.0,1.31,17,10,2.0,2.0,63.0,47.0,86.5,82.66666666666667,22.5,12.666666666666666,1.9300000000000002,1.5599999999999998
1035103,Nottingham Forest,Brentford,1,1,Draw,41.0,79.0,6.0,0.46,59.0,85.0,18.0,1.66,15,3,1.5,1.5,48.0,44.5,79.0,77.5,15.0,14.0,1.0499999999999998,2.215
1035100,Fulham,Chelsea,0,2,Loss,56.0,88.0,10.0,1.09,44.0,85.0,11.0,1.7,9,6,0.5,0.5,66.5,70.5,87.5,87.5,11.5,15.5,0.71,2.17
1035051,Luton,Burnley,1,2,Loss,49.0,69.0,18.0,1.34,51.0,72.0,14.0,1.11,11,5,1.0,0.5,47.5,50.5,75.0,81.5,18.0,9.0,1.8199999999999998,0.6000000000000001
1035113,Luton,Tottenham,0,1,Loss,33.0,67.0,12.0,0.76,67.0,86.0,15.0,1.96,11,17,1.0,2.75,48.0,58.5,73.0,88.0,18.0,17.25,1.66,1.7675
1035114,Manchester United,Brentford,2,1,Win,64.0,88.0,21.0,1.43,36.0,72.0,11.0,0.95,13,3,1.25,1.3333333333333333,59.5,49.333333333333336,85.5,80.0,16.5,15.333333333333334,1.825,2.03
1035112,Fulham,Sheffield Utd,3,1,Win,60.0,80.0,20.0,2.21,40.0,69.0,5.0,0.57,9,16,0.3333333333333333,0.6666666666666666,63.0,42.666666666666664,87.66666666666667,75.66666666666667,11.0,10.0,0.8366666666666666,0.7433333333333333
1035109,Burnley,Chelsea,1,4,Loss,38.0,84.0,10.0,0.76,62.0,92.0,9.0,1.86,5,6,0.75,1.0,49.75,61.666666666666664,84.25,86.66666666666667,10.75,14.0,0.8775000000000001,2.013333333333333
1035111,Everton,Bournemouth,3,0,Win,47.0,78.0,25.0,2.49,53.0,79.0,11.0,0.69,8,2,0.25,1.3333333333333333,45.5,37.333333333333336,77.0,74.0,16.25,12.333333333333334,1.8275000000000001,1.5066666666666666
1035110,Crystal Palace,Nottingham Forest,0,0,Draw,52.0,88.0,8.0,0.81,48.0,87.0,16.0,1.05,7,15,1.0,1.0,47.0,30.75,82.33333333333333,72.25,12.333333333333334,8.0,1.14,1.045
1035116,Wolves,Aston Villa,1,1,Draw,46.0,79.0,8.0,1.68,54.0,84.0,18.0,1.61,19,1,1.3333333333333333,1.25,37.333333333333336,43.25,80.33333333333333,83.75,10.0,14.0,1.08,1.55
1035115,West Ham,Newcastle,2,2,Draw,35.0,72.0,5.0,1.16,65.0,86.0,10.0,2.01,18,14,2.0,3.0,36.0,47.333333333333336,80.33333333333333,85.66666666666667,12.666666666666666,12.666666666666666,1.6266666666666667,1.8133333333333332
1035108,Brighton,Liverpool,2,2,Draw,46.0,85.0,14.0,2.32,54.0,87.0,14.0,2.35,4,10,2.75,1.75,66.75,44.0,89.25,81.25,20.0,12.5,2.16,1.4975
1035107,Arsenal,Manchester City,1,0,Win,49.0,87.0,12.0,0.39,51.0,87.0,4.0,0.48,0,12,2.25,2.25,62.75,70.25,87.75,90.75,16.0,24.75,2.0825,2.545
1035121,Liverpool,Everton,2,0,Win,78.0,87.0,26.0,2.23,22.0,53.0,6.0,0.13,10,8,3.0,1.6666666666666667,64.33333333333333,46.0,88.66666666666667,79.0,21.666666666666668,14.333333333333334,2.86,1.7066666666666663
1035123,Newcastle,Crystal Palace,4,0,Win,60.0,86.0,10.0,2.39,40.0,79.0,17.0,1.21,14,7,2.25,1.0,55.5,41.0,82.5,76.5,17.25,13.25,2.5075000000000003,1.19
1035117,Bournemouth,Wolves,1,2,Loss,34.0,75.0,7.0,0.63,66.0,85.0,21.0,2.35,2,19,0.25,1.0,45.75,50.75,80.5,80.5,11.5,12.25,0.9325,1.3
1035122,Manchester City,Brighton,2,1,Win,55.0,90.0,10.0,0.75,45.0,88.0,5.0,0.83,12,4,2.6666666666666665,2.6666666666666665,61.666666666666664,57.333333333333336,89.33333333333333,89.33333333333333,9.333333333333334,12.333333333333334,1.5566666666666666,1.8766666666666667
1035119,Brentford,Burnley,3,0,Win,50.0,79.0,23.0,3.24,50.0,83.0,6.0,1.14,3,5,1.5,1.0,52.0,50.666666666666664,81.75,78.33333333333333,14.0,10.666666666666666,1.7825000000000002,0.77
1035124,Nottingham Forest,Luton,2,2,Draw,57.0,77.0,19.0,2.97,43.0,70.0,13.0,1.71,15,11,1.3333333333333333,0.75,45.666666666666664,29.0,79.0,67.75,12.0,9.0,0.8533333333333334,0.9775
1035120,Chelsea,Arsenal,2,2,Draw,43.0,82.0,11.0,1.35,57.0,85.0,13.0,0.99,6,0,1.0,2.0,65.25,61.666666666666664,88.5,87.66666666666667,15.0,14.0,1.8125,2.1566666666666667
1035125,Sheffield Utd,Manchester United,1,2,Loss,38.0,68.0,12.0,1.42,62.0,81.0,14.0,1.1,16,13,0.75,0.6666666666666666,35.0,42.333333333333336,70.75,82.66666666666667,9.0,14.333333333333334,0.8275,1.3266666666666664
1035118,Aston Villa,West Ham,4,1,Win,58.0,89.0,15.0,1.94,42.0,82.0,14.0,1.16,1,18,4.333333333333333,1.75,55.0,39.0,84.66666666666667,74.25,16.0,12.0,2.5966666666666667,1.6075000000000002
1035126,Tottenham,Fulham,2,0,Win,56.0,87.0,15.0,1.53,44.0,84.0,10.0,1.03,17,9,2.0,1.0,63.666666666666664,42.25,88.0,80.25,23.0,8.25,2.03,1.025
1035132,Crystal Palace,Tottenham,1,2,Loss,24.0,67.0,13.0,0.64,76.0,91.0,10.0,1.12,7,17,0.75,2.4,48.25,60.2,83.75,87.6,11.25,16.8,1.0574999999999999,1.8059999999999998
1035131,Chelsea,Brentford,0,2,Loss,69.0,89.0,17.0,2.03,31.0,73.0,7.0,2.16,6,3,1.2,1.25,60.8,46.0,87.2,78.0,14.2,14.25,1.72,1.76
1035127,Bournemouth,Burnley,2,1,Win,44.0,76.0,13.0,1.11,56.0,79.0,6.0,0.83,2,5,0.4,0.75,43.4,50.5,79.4,79.5,10.6,9.5,0.8720000000000001,0.8625
1035128,Arsenal,Sheffield Utd,5,0,Win,67.0,91.0,13.0,2.77,33.0,75.0,2.0,0.03,0,16,2.0,0.75,60.0,42.0,87.6,74.0,15.2,8.75,1.7440000000000002,0.7
1035136,Wolves,Newcastle,2,2,Draw,43.0,82.0,11.0,0.89,57.0,86.0,13.0,2.19,19,14,1.25,2.75,39.5,51.75,80.0,85.75,9.5,12.0,1.23,1.8624999999999998
1035135,West Ham,Everton,0,1,Loss,64.0,84.0,12.0,0.66,36.0,75.0,10.0,0.82,18,8,2.0,1.25,35.75,40.0,78.25,72.5,10.75,12.25,1.51,1.3125
1035133,Liverpool,Nottingham Forest,3,0,Win,73.0,90.0,21.0,3.19,27.0,73.0,9.0,0.45,10,15,2.75,0.8,67.75,34.2,88.25,75.2,22.75,9.6,2.7025,1.046
1035130,Brighton,Fulham,1,1,Draw,71.0,91.0,18.0,1.43,29.0,79.0,10.0,0.71,4,9,2.6,0.8,62.6,42.6,88.4,81.0,18.8,8.6,2.192,1.026
1035129,Aston Villa,Luton,3,1,Win,71.0,90.0,17.0,2.28,29.0,77.0,7.0,0.48,1,11,4.25,1.0,55.75,31.8,85.75,68.2,15.75,9.8,2.4325,1.124
1035134,Manchester United,Manchester City,0,3,Loss,40.0,81.0,7.0,0.95,60.0,90.0,21.0,4.0,13,12,1.4,1.8,60.4,66.4,86.0,90.0,17.4,20.6,1.746,2.132
1035140,Fulham,Manchester United,0,1,Loss,45.0,72.0,18.0,1.01,55.0,79.0,12.0,0.69,9,13,1.0,1.0,62.25,47.25,85.75,82.25,13.25,14.25,1.18,1.27
1035138,Burnley,Crystal Palace,0,2,Loss,68.0,85.0,17.0,1.12,32.0,72.0,4.0,1.3,5,7,0.8,0.8,47.4,40.8,84.2,77.0,10.6,14.0,0.8540000000000001,1.194
1035139,Everton,Brighton,1,1,Draw,20.0,62.0,10.0,0.71,80.0,90.0,7.0,0.51,8,4,0.8,2.25,45.8,54.25,77.2,89.0,18.0,10.5,1.9600000000000002,1.615
1035142,Manchester City,Bournemouth,6,1,Win,65.0,93.0,21.0,1.95,35.0,86.0,5.0,0.91,12,2,2.5,1.0,60.0,41.25,89.5,75.25,9.5,12.0,1.355,1.3025
1035137,Brentford,West Ham,3,2,Win,59.0,80.0,16.0,1.63,41.0,71.0,12.0,1.82,3,18,1.8,1.6,51.6,39.6,81.2,75.8,15.8,12.4,2.0740000000000003,1.518
1035145,Sheffield Utd,Wolves,2,1,Win,38.0,67.0,11.0,1.05,62.0,81.0,10.0,1.33,16,19,0.8,1.2,35.6,53.8,70.2,81.4,9.6,14.0,0.9460000000000001,1.5100000000000002
1035143,Newcastle,Arsenal,1,0,Win,41.0,79.0,9.0,1.04,59.0,84.0,14.0,0.57,14,0,2.6,2.0,56.4,60.5,83.2,87.0,15.8,13.75,2.484,1.865
1035144,Nottingham Forest,Aston Villa,2,0,Win,27.0,72.0,5.0,0.38,73.0,91.0,13.0,1.23,15,1,1.5,1.2,48.5,45.4,78.5,83.8,13.75,14.8,1.3825,1.562
1035141,Luton,Liverpool,1,1,Draw,26.0,59.0,8.0,0.81,74.0,88.0,24.0,2.85,11,10,0.75,1.8,44.25,46.0,71.5,82.4,16.5,12.8,1.435,1.668
1035146,Tottenham,Chelsea,1,4,Loss,39.0,79.0,8.0,0.89,61.0,87.0,17.0,4.12,17,6,2.0,1.75,61.75,61.75,87.75,88.0,21.0,12.75,1.905,1.975
1035156,Wolves,Tottenham,2,1,Win,42.0,85.0,17.0,2.15,58.0,88.0,6.0,0.7,19,17,1.4,2.4,40.2,61.4,80.4,87.8,9.8,15.2,1.162,1.7760000000000002
1035154,Manchester United,Luton,1,0,Win,65.0,87.0,15.0,2.18,35.0,79.0,10.0,0.41,13,11,1.2,1.0,58.2,31.8,85.8,69.2,15.8,9.4,1.494,0.9240000000000002
1035148,Arsenal,Burnley,3,1,Win,64.0,86.0,16.0,1.95,36.0,79.0,8.0,0.32,0,5,2.6,0.8,57.8,51.6,87.8,79.4,14.8,8.8,2.132,0.8560000000000001
1035152,Crystal Palace,Everton,2,3,Loss,67.0,87.0,13.0,2.17,33.0,73.0,8.0,1.53,7,8,0.8,1.2,43.4,39.2,80.4,73.0,11.6,11.8,0.974,1.214
1035147,Bournemouth,Newcastle,2,0,Win,48.0,78.0,19.0,2.46,52.0,80.0,8.0,0.49,2,14,0.6,2.6,39.6,52.8,78.2,85.8,10.4,12.2,0.82,1.9280000000000002
1035153,Liverpool,Brentford,3,0,Win,58.0,82.0,17.0,1.71,42.0,76.0,16.0,1.68,10,3,2.8,1.4,68.8,43.0,88.6,77.0,22.4,12.8,2.8,1.8399999999999999
1035155,West Ham,Nottingham Forest,3,2,Win,54.0,85.0,16.0,1.8,46.0,81.0,10.0,1.69,18,15,1.6,0.6,41.4,35.2,79.4,76.0,11.0,10.2,1.34,0.9
1035150,Brighton,Sheffield Utd,1,1,Draw,61.0,87.0,11.0,1.53,39.0,79.0,9.0,1.07,4,16,2.0,0.6,62.6,40.2,88.4,74.2,17.0,7.4,1.6760000000000002,0.5660000000000001
1035149,Aston Villa,Fulham,3,1,Win,51.0,83.0,12.0,3.08,49.0,84.0,9.0,0.93,1,9,4.0,0.8,58.8,36.6,86.6,79.8,16.0,8.8,2.402,0.868
1035151,Chelsea,Manchester City,4,4,Draw,45.0,85.0,17.0,2.95,55.0,90.0,15.0,2.88,6,12,1.0,1.8,61.6,65.2,87.6,90.0,15.6,21.4,1.8560000000000003,2.516
1035299,Manchester City,Liverpool,1,1,Draw,60.0,91.0,16.0,1.36,40.0,82.0,8.0,0.56,12,10,3.2,1.8,61.0,53.8,90.2,84.0,11.8,15.0,1.474,1.982
1035300,Newcastle,Chelsea,4,1,Win,54.0,86.0,14.0,2.36,46.0,84.0,7.0,0.53,14,6,1.8,2.2,54.0,61.6,82.0,87.8,14.2,13.6,2.0100000000000002,2.404
1035295,Burnley,West Ham,1,2,Loss,51.0,82.0,11.0,1.26,49.0,76.0,11.0,0.9,5,18,0.8,1.8,54.2,40.4,85.4,76.4,12.8,11.6,1.012,1.668
1035302,Sheffield Utd,Bournemouth,1,3,Loss,46.0,67.0,10.0,0.78,54.0,76.0,23.0,2.86,16,2,1.2,1.0,36.8,40.0,71.2,77.4,10.2,10.6,1.054,1.224
1035301,Nottingham Forest,Brighton,2,3,Loss,47.0,82.0,18.0,1.93,53.0,87.0,11.0,1.48,15,4,1.6,2.0,44.2,59.4,77.2,89.2,12.0,9.8,1.182,1.394
1035298,Luton,Crystal Palace,2,1,Win,39.0,74.0,8.0,0.94,61.0,79.0,16.0,1.67,11,7,0.8,1.0,40.6,33.6,69.0,74.8,14.8,10.0,1.31,1.076
1035294,Brentford,Arsenal,0,1,Loss,36.0,65.0,9.0,1.19,64.0,82.0,15.0,1.65,3,0,2.0,1.6,57.4,60.2,81.8,86.4,16.8,13.8,1.9560000000000002,1.6059999999999999
1035303,Tottenham,Aston Villa,1,2,Loss,62.0,90.0,18.0,2.34,38.0,86.0,15.0,1.76,17,1,1.8,1.0,57.2,50.6,86.0,85.0,18.4,14.2,1.702,1.4540000000000002
1035296,Everton,Manchester United,0,3,Loss,51.0,78.0,24.0,2.47,49.0,76.0,9.0,2.22,8,13,1.0,1.0,41.6,48.8,73.8,81.6,16.2,13.8,1.5559999999999998,1.154
1035297,Fulham,Wolves,3,2,Win,60.0,84.0,12.0,2.9,40.0,75.0,10.0,1.35,9,19,0.8,1.4,58.8,56.4,83.0,81.4,14.2,11.4,1.146,1.3060000000000003
1035305,Arsenal,Wolves,2,1,Win,57.0,88.0,19.0,2.89,43.0,80.0,6.0,0.71,0,19,2.8,1.6,56.4,53.8,87.0,79.6,14.2,11.2,1.8820000000000001,1.36
1035307,Burnley,Sheffield Utd,5,0,Win,64.0,84.0,19.0,1.81,36.0,72.0,6.0,0.39,5,16,0.8,0.6,53.0,38.0,84.0,75.0,13.2,7.8,1.1179999999999999,0.6799999999999999
1035306,Brentford,Luton,3,1,Win,69.0,85.0,27.0,3.47,31.0,69.0,7.0,0.23,3,11,1.8,1.0,52.6,32.2,77.8,69.4,16.2,9.2,2.0000000000000004,0.9179999999999999
1035312,Nottingham Forest,Everton,0,1,Loss,62.0,82.0,13.0,0.72,38.0,65.0,12.0,0.67,15,8,1.6,1.8,43.6,37.8,77.8,71.4,12.4,11.6,1.2900000000000003,1.394
1035311,Newcastle,Manchester United,1,0,Win,58.0,83.0,22.0,2.5,42.0,76.0,8.0,0.48,14,13,2.4,1.6,52.8,49.8,82.0,80.2,12.4,11.2,2.084,1.184
1035304,Bournemouth,Aston Villa,2,2,Draw,37.0,72.0,15.0,2.02,63.0,80.0,11.0,0.68,2,1,1.0,0.8,40.6,49.6,77.8,85.4,12.0,14.0,1.1780000000000002,1.266
1035309,Liverpool,Fulham,4,3,Win,61.0,82.0,26.0,2.23,39.0,72.0,9.0,1.21,10,9,2.8,0.6,67.4,40.6,87.8,82.2,20.6,9.0,2.526,0.942
1035313,West Ham,Crystal Palace,1,1,Draw,55.0,81.0,9.0,1.13,45.0,74.0,9.0,0.93,18,7,1.6,1.0,47.4,37.8,82.6,74.4,11.8,10.2,1.34,1.25
1035308,Chelsea,Brighton,3,2,Win,32.0,80.0,8.0,2.11,68.0,90.0,18.0,1.14,6,4,1.2,1.8,57.2,59.2,86.2,89.0,15.2,8.8,1.9920000000000002,1.246
1035310,Manchester City,Tottenham,3,3,Draw,55.0,88.0,17.0,2.57,45.0,85.0,8.0,0.46,12,17,3.2,2.2,61.0,61.6,90.4,87.6,12.2,13.0,1.53,1.504
1035321,Wolves,Burnley,1,0,Win,51.0,79.0,7.0,0.83,49.0,77.0,12.0,0.87,19,5,1.6,0.8,39.4,48.0,80.6,78.4,10.0,8.4,1.1640000000000001,0.8099999999999999
1035318,Luton,Arsenal,3,4,Loss,33.0,66.0,6.0,0.51,67.0,85.0,23.0,2.26,11,0,1.0,1.6,40.6,62.4,69.2,85.6,13.2,14.0,1.204,1.532
1035317,Fulham,Nottingham Forest,5,0,Win,64.0,88.0,14.0,2.52,36.0,82.0,4.0,0.26,9,15,1.4,0.6,59.8,37.6,83.0,77.8,14.6,10.4,1.634,0.9960000000000001
1035315,Brighton,Brentford,2,1,Win,62.0,87.0,18.0,1.57,38.0,74.0,8.0,1.52,4,3,2.0,0.8,59.2,42.4,88.0,75.6,14.2,12.6,1.686,1.3900000000000001
1035322,Crystal Palace,Bournemouth,0,2,Loss,59.0,83.0,16.0,1.01,41.0,73.0,11.0,1.9,7,2,1.2,1.4,47.4,43.8,80.6,78.0,11.4,12.6,1.206,1.5379999999999998
1035319,Sheffield Utd,Liverpool,0,2,Loss,24.0,48.0,6.0,0.99,76.0,84.0,15.0,1.69,16,10,1.2,1.6,41.8,53.8,71.0,84.4,11.0,14.8,1.076,1.9180000000000004
1035323,Manchester United,Chelsea,2,1,Win,45.0,85.0,28.0,4.17,55.0,86.0,13.0,1.52,13,6,0.8,2.2,58.0,55.6,86.0,87.0,15.2,11.6,1.364,2.012
1035314,Aston Villa,Manchester City,1,0,Win,46.0,85.0,22.0,2.38,54.0,87.0,2.0,0.65,1,12,3.8,2.2,57.0,60.4,85.2,89.6,15.8,18.4,2.418,2.372
1035316,Everton,Newcastle,3,0,Win,39.0,75.0,21.0,3.36,61.0,84.0,13.0,1.57,8,14,1.0,2.6,42.4,55.2,73.0,84.6,18.0,12.4,1.782,1.968
1035320,Tottenham,West Ham,1,2,Loss,75.0,91.0,23.0,1.79,25.0,73.0,11.0,2.23,17,18,1.6,1.6,58.4,45.8,87.0,78.0,18.6,11.4,1.8219999999999998,1.2020000000000002
1035326,Crystal Palace,Liverpool,1,2,Loss,24.0,58.0,8.0,1.74,76.0,87.0,14.0,1.25,7,10,0.6,1.4,50.6,55.8,81.2,83.6,11.4,14.6,0.986,1.752
1035330,Manchester United,Bournemouth,0,3,Loss,69.0,85.0,20.0,1.16,31.0,70.0,10.0,1.48,13,2,1.0,1.4,58.2,44.2,85.8,78.2,18.0,12.4,2.0060000000000002,1.5
1035333,Wolves,Nottingham Forest,1,1,Draw,68.0,85.0,10.0,1.17,32.0,68.0,8.0,1.29,19,15,1.6,0.4,42.8,40.0,80.2,81.8,9.2,9.8,1.204,0.8960000000000001
1035325,Brighton,Burnley,1,1,Draw,72.0,91.0,29.0,2.78,28.0,73.0,6.0,0.56,4,5,1.8,0.8,60.4,48.4,87.4,78.0,14.8,9.2,1.7399999999999998,0.8539999999999999
1035331,Sheffield Utd,Brentford,1,0,Win,40.0,72.0,9.0,0.81,60.0,79.0,10.0,0.66,16,3,0.8,1.0,37.6,41.2,65.8,76.0,9.6,12.0,1.036,1.5939999999999999
1035324,Aston Villa,Arsenal,1,0,Win,39.0,72.0,10.0,0.57,61.0,84.0,12.0,1.4,1,0,3.4,2.2,52.8,61.0,85.0,84.8,17.0,16.0,2.252,1.78
1035328,Fulham,West Ham,5,0,Win,63.0,89.0,14.0,2.37,37.0,84.0,9.0,1.34,9,18,2.2,1.6,57.0,38.6,82.4,76.0,14.8,11.8,1.9460000000000002,1.4420000000000002
1035327,Everton,Chelsea,2,0,Win,28.0,64.0,9.0,1.22,72.0,87.0,16.0,0.95,8,6,1.6,2.4,45.0,53.6,74.6,86.8,20.6,11.4,2.386,1.9460000000000002
1035329,Luton,Manchester City,1,2,Loss,35.0,74.0,4.0,0.33,65.0,86.0,18.0,1.61,11,12,1.4,1.6,36.0,57.6,67.0,88.4,10.4,13.0,0.8720000000000001,1.7759999999999998
1035332,Tottenham,Newcastle,4,1,Win,56.0,86.0,23.0,3.81,44.0,84.0,9.0,1.69,17,14,1.4,2.4,59.4,58.6,87.6,84.6,17.6,13.2,1.7559999999999998,2.036
1035342,Nottingham Forest,Tottenham,0,2,Loss,33.0,73.0,15.0,1.35,67.0,89.0,12.0,1.57,15,17,1.4,1.8,46.8,59.8,78.4,87.2,12.2,10.4,1.2920000000000003,1.1400000000000001
1035341,Newcastle,Fulham,3,0,Win,71.0,90.0,27.0,3.51,29.0,77.0,6.0,0.28,14,9,2.4,1.0,53.2,42.0,83.0,80.4,15.0,9.6,2.2960000000000003,0.8939999999999999
1035338,Chelsea,Sheffield Utd,2,0,Win,78.0,91.0,15.0,3.05,22.0,61.0,6.0,0.36,6,16,1.8,0.4,48.4,39.2,84.4,75.6,12.6,7.6,1.954,0.626
1035340,Manchester City,Crystal Palace,2,2,Draw,74.0,92.0,19.0,1.61,26.0,76.0,5.0,1.82,12,7,2.8,1.0,58.4,40.2,90.2,74.2,14.2,10.8,1.592,1.2020000000000002
1035337,Burnley,Everton,0,2,Loss,62.0,85.0,14.0,0.71,38.0,72.0,9.0,1.46,5,8,1.4,1.6,56.6,34.4,84.6,69.2,13.8,10.8,1.2080000000000002,1.01
1035335,Arsenal,Brighton,2,0,Win,49.0,90.0,26.0,2.34,51.0,90.0,6.0,0.69,0,4,2.6,1.6,56.8,61.6,87.2,88.8,14.6,10.4,2.0060000000000002,1.134
1035343,West Ham,Wolves,3,0,Win,44.0,79.0,13.0,1.13,56.0,84.0,14.0,0.66,18,19,1.6,1.4,52.0,51.0,81.6,78.8,12.4,10.0,1.378,1.266
1035336,Brentford,Aston Villa,1,2,Loss,33.0,68.0,4.0,0.51,67.0,85.0,15.0,1.42,3,1,2.0,1.2,54.2,55.0,78.2,85.2,17.4,14.4,2.112,1.27
1035339,Liverpool,Manchester United,0,0,Draw,68.0,84.0,34.0,2.38,32.0,71.0,6.0,0.75,10,13,3.0,1.4,66.8,49.2,86.0,78.4,22.4,10.8,2.4779999999999998,1.092
1035345,Crystal Palace,Brighton,1,1,Draw,34.0,78.0,11.0,1.35,66.0,91.0,18.0,1.19,7,4,0.8,1.4,45.2,59.4,76.6,89.0,11.6,9.4,1.2739999999999998,0.93
1035344,Aston Villa,Sheffield Utd,1,1,Draw,78.0,88.0,12.0,0.86,22.0,63.0,5.0,0.58,1,16,2.4,0.4,53.0,34.0,83.8,71.2,15.2,5.6,2.05,0.484
1035352,West Ham,Manchester United,2,0,Win,35.0,79.0,12.0,1.25,65.0,86.0,11.0,1.03,18,13,1.8,1.2,50.4,48.0,80.2,76.6,11.0,9.8,1.176,1.048
1035346,Fulham,Burnley,0,2,Loss,66.0,85.0,19.0,1.42,34.0,75.0,7.0,0.37,9,5,3.2,0.6,58.4,43.8,82.6,78.2,15.6,7.6,2.202,0.744
1035351,Tottenham,Everton,2,1,Win,61.0,84.0,13.0,1.48,39.0,77.0,18.0,1.78,17,8,1.8,1.4,57.6,33.4,86.6,67.6,17.4,9.0,2.072,0.9219999999999999
1035350,Nottingham Forest,Bournemouth,2,3,Loss,33.0,63.0,11.0,1.02,67.0,83.0,18.0,1.61,15,2,1.2,1.8,45.2,42.8,77.2,76.8,14.0,12.0,1.4700000000000002,1.568
1035348,Luton,Newcastle,1,0,Win,35.0,74.0,16.0,1.49,65.0,83.0,15.0,1.5,11,14,1.4,1.0,33.2,55.8,68.0,84.0,7.6,10.6,0.67,1.59
1035347,Liverpool,Arsenal,1,1,Draw,51.0,81.0,13.0,0.97,49.0,80.0,13.0,0.74,10,0,2.4,1.4,67.6,61.6,85.0,84.0,24.8,15.4,2.348,1.374
1035353,Wolves,Chelsea,2,1,Win,32.0,66.0,14.0,1.27,68.0,88.0,16.0,2.06,19,6,1.4,2.0,50.0,59.2,82.0,87.2,10.6,12.4,1.344,1.796
1035362,Newcastle,Nottingham Forest,1,3,Loss,62.0,87.0,19.0,2.43,38.0,80.0,15.0,3.46,14,15,2.6,0.6,56.8,37.8,84.8,78.2,16.4,9.4,2.36,0.9480000000000001
1035354,Bournemouth,Fulham,3,0,Win,43.0,81.0,16.0,1.82,57.0,84.0,8.0,0.28,2,9,1.4,1.0,41.0,38.0,76.4,79.2,12.4,8.8,1.374,0.8320000000000001
1035363,Sheffield Utd,Luton,2,3,Loss,51.0,74.0,21.0,2.59,49.0,77.0,12.0,0.63,16,11,1.0,1.2,37.2,34.0,64.4,69.6,9.6,9.2,1.0100000000000002,0.744
1035358,Burnley,Liverpool,0,2,Loss,31.0,63.0,9.0,0.81,69.0,85.0,19.0,1.82,5,10,1.4,1.6,56.6,64.0,84.0,85.6,14.2,15.0,1.1320000000000001,1.7399999999999998
1035361,Manchester United,Aston Villa,3,2,Win,46.0,80.0,13.0,1.13,54.0,82.0,10.0,1.66,13,1,1.0,1.4,56.6,59.0,85.2,85.2,18.2,14.4,1.9779999999999998,1.34
1035359,Chelsea,Crystal Palace,2,1,Win,64.0,89.0,9.0,2.57,36.0,82.0,13.0,1.12,6,7,2.2,1.2,53.4,40.8,85.4,76.0,13.6,10.2,2.298,1.386
1035356,Brentford,Wolves,1,4,Loss,61.0,80.0,14.0,2.23,39.0,74.0,11.0,2.39,3,19,2.0,1.2,49.4,53.4,75.4,81.0,15.8,12.2,2.008,1.28
1035360,Everton,Manchester City,1,3,Loss,28.0,72.0,7.0,0.98,72.0,91.0,23.0,2.6,8,12,1.8,1.8,37.0,57.0,71.4,88.0,17.8,12.0,2.05,1.9240000000000002
1035357,Brighton,Tottenham,4,2,Win,45.0,83.0,15.0,3.58,55.0,85.0,19.0,2.35,4,17,1.4,1.8,62.4,62.6,88.2,87.8,18.0,10.2,1.9259999999999997,1.1620000000000001
1035355,Arsenal,West Ham,0,2,Loss,74.0,91.0,30.0,2.77,26.0,69.0,6.0,1.42,0,18,2.6,1.4,57.2,38.8,88.4,77.2,17.2,11.4,2.068,1.4900000000000002
1035368,Luton,Chelsea,2,3,Loss,51.0,83.0,15.0,2.53,49.0,83.0,12.0,1.5,11,6,1.6,1.4,33.6,60.4,69.4,86.4,8.4,13.8,0.8160000000000001,1.8359999999999999
1035373,Wolves,Everton,3,0,Win,53.0,81.0,12.0,1.99,47.0,79.0,10.0,0.46,19,8,1.6,1.6,47.2,36.8,79.4,72.4,11.8,11.4,1.262,1.252
1035369,Manchester City,Sheffield Utd,2,0,Win,81.0,94.0,18.0,2.21,19.0,75.0,4.0,0.31,12,16,2.8,0.4,61.8,30.4,90.8,70.0,16.6,5.6,1.6480000000000001,0.48600000000000004
1035365,Crystal Palace,Brentford,3,1,Win,46.0,82.0,13.0,0.98,54.0,81.0,9.0,1.39,7,3,1.0,0.8,41.6,41.4,74.6,74.8,12.2,10.4,1.382,1.3940000000000001
1035364,Aston Villa,Burnley,3,2,Win,66.0,85.0,19.0,3.23,34.0,72.0,9.0,1.17,1,5,1.8,1.0,57.0,40.6,83.6,76.6,14.6,7.8,1.834,0.5900000000000001
1035370,Nottingham Forest,Manchester United,2,1,Win,45.0,78.0,8.0,0.7,55.0,81.0,10.0,0.76,15,13,1.2,0.8,40.4,48.6,74.4,77.6,12.4,9.2,1.08,1.0340000000000003
1035366,Fulham,Arsenal,2,1,Win,40.0,83.0,15.0,1.22,60.0,88.0,13.0,1.64,9,0,2.6,1.2,59.6,60.0,83.6,83.0,15.4,15.4,2.044,1.324
1035371,Tottenham,Bournemouth,3,1,Win,51.0,81.0,12.0,2.32,49.0,85.0,24.0,1.68,17,2,1.8,2.4,58.6,45.6,86.0,77.6,17.0,13.4,2.0620000000000003,1.752
1035367,Liverpool,Newcastle,4,2,Win,62.0,85.0,34.0,7.11,38.0,75.0,5.0,0.6,10,14,2.2,0.6,62.2,55.8,83.8,83.4,22.2,11.6,2.0959999999999996,1.488
1035372,West Ham,Brighton,0,0,Draw,31.0,81.0,6.0,0.68,69.0,92.0,22.0,2.38,18,4,1.8,1.4,50.4,63.6,81.6,89.6,12.4,12.0,1.194,1.002
1035378,Burnley,Luton,1,1,Draw,39.0,70.0,13.0,1.1,61.0,81.0,14.0,0.95,5,11,1.2,1.4,55.2,37.4,79.8,74.4,14.0,9.8,1.142,0.692
1035379,Chelsea,Fulham,1,0,Win,55.0,84.0,17.0,2.19,45.0,78.0,14.0,0.86,6,9,2.2,1.0,57.6,40.6,86.8,79.2,13.2,8.4,2.5420000000000003,0.682
1035382,Newcastle,Manchester City,2,3,Loss,27.0,73.0,12.0,1.3,73.0,91.0,27.0,3.0,14,12,2.0,2.4,57.2,61.2,85.0,88.8,18.2,15.8,2.368,2.348
1035380,Everton,Aston Villa,0,0,Draw,31.0,63.0,10.0,1.2,69.0,86.0,16.0,1.26,8,1,1.4,1.6,33.2,59.0,70.2,84.8,14.2,12.8,1.748,1.35
1035381,Manchester United,Tottenham,2,2,Draw,36.0,76.0,9.0,0.75,64.0,90.0,16.0,1.23,13,17,1.2,2.0,53.0,60.2,83.6,87.6,16.6,11.0,1.918,1.24
1035375,Arsenal,Crystal Palace,5,0,Win,61.0,87.0,21.0,3.21,39.0,78.0,12.0,0.35,0,7,2.4,1.4,62.2,40.0,89.2,76.6,20.8,9.4,2.544,1.3679999999999999
1035376,Brentford,Nottingham Forest,3,2,Win,48.0,75.0,11.0,1.2,52.0,81.0,12.0,1.22,3,15,1.6,1.2,51.6,35.8,75.6,76.8,14.0,9.2,1.8060000000000003,1.4300000000000002
1035383,Sheffield Utd,West Ham,2,2,Draw,57.0,80.0,21.0,2.51,43.0,74.0,16.0,2.34,16,18,1.2,1.6,39.8,35.6,65.6,74.6,11.4,9.8,1.2440000000000002,1.5420000000000003
1035374,Bournemouth,Liverpool,0,4,Loss,39.0,72.0,11.0,1.37,61.0,83.0,14.0,1.57,2,10,2.0,1.6,41.2,67.0,76.4,85.2,14.0,16.0,1.6079999999999999,1.634
1035377,Brighton,Wolves,0,0,Draw,72.0,91.0,11.0,1.05,28.0,76.0,8.0,1.15,4,19,1.8,1.6,62.2,48.0,87.8,78.8,18.2,10.2,2.178,1.2880000000000003
1035387,Nottingham Forest,Arsenal,1,2,Loss,27.0,73.0,9.0,0.46,73.0,89.0,19.0,1.32,15,0,1.2,1.4,44.0,60.2,75.6,83.8,13.0,15.2,1.1440000000000001,1.5379999999999998
1035385,Fulham,Everton,0,0,Draw,69.0,86.0,25.0,1.71,31.0,69.0,21.0,2.15,9,8,3.0,1.4,58.6,39.0,85.8,73.2,14.8,11.4,2.086,1.18
1035386,Luton,Brighton,4,0,Win,41.0,71.0,18.0,3.21,59.0,77.0,9.0,0.94,11,4,1.8,1.2,38.6,61.4,74.2,90.0,9.8,15.0,1.16,1.376
1035391,Crystal Palace,Sheffield Utd,3,2,Win,54.0,83.0,12.0,1.15,46.0,74.0,9.0,0.76,7,16,1.4,0.4,46.0,27.6,77.6,70.0,12.2,6.0,1.45,0.542
1035384,Aston Villa,Newcastle,1,3,Loss,61.0,88.0,12.0,1.46,39.0,79.0,14.0,2.63,1,14,1.8,0.6,56.0,52.0,82.6,81.2,15.0,10.0,2.024,1.17
1035388,Tottenham,Brentford,3,2,Win,68.0,86.0,19.0,3.01,32.0,66.0,9.0,1.59,17,3,2.2,0.8,61.0,45.0,86.4,76.6,17.8,10.0,2.348,1.482
1035393,Manchester City,Burnley,3,1,Win,74.0,90.0,14.0,1.76,26.0,74.0,8.0,1.44,12,5,2.8,1.2,67.0,36.2,91.6,75.2,18.2,8.4,1.94,0.658
1035392,Liverpool,Chelsea,4,1,Win,51.0,85.0,28.0,2.9,49.0,86.0,4.0,0.58,10,6,2.4,1.2,60.0,58.0,82.8,85.6,24.8,12.8,2.88,1.312
1035389,West Ham,Bournemouth,1,1,Draw,49.0,79.0,9.0,1.39,51.0,77.0,9.0,1.2,18,2,1.8,2.4,43.8,48.4,81.0,77.4,11.2,17.2,1.198,1.906
1035390,Wolves,Manchester United,3,4,Loss,53.0,87.0,16.0,2.2,47.0,85.0,21.0,3.34,19,13,1.8,0.8,49.2,48.6,79.2,78.0,12.0,8.8,1.482,1.048
1035400,Everton,Tottenham,2,2,Draw,43.0,73.0,14.0,2.62,57.0,78.0,9.0,0.98,8,17,1.2,2.0,35.4,57.8,70.4,87.4,14.2,12.2,1.846,1.262
1035402,Newcastle,Luton,4,4,Draw,54.0,74.0,19.0,2.4,46.0,81.0,11.0,2.36,14,11,2.2,1.2,54.4,41.0,83.8,76.6,18.8,10.0,2.42,0.54
1035398,Burnley,Fulham,2,2,Draw,44.0,75.0,12.0,1.81,56.0,76.0,15.0,1.51,5,9,1.4,0.8,49.4,43.8,76.8,79.0,13.2,9.2,1.138,0.712
1035397,Brighton,Crystal Palace,4,1,Win,69.0,94.0,13.0,1.43,31.0,85.0,7.0,0.3,4,7,1.6,1.0,62.4,41.4,87.8,77.8,16.8,11.0,2.102,1.1780000000000002
1035403,Sheffield Utd,Aston Villa,0,5,Loss,36.0,79.0,10.0,1.48,64.0,89.0,14.0,2.19,16,1,1.2,1.6,43.6,58.2,68.2,83.8,13.4,13.4,1.536,1.356
1035401,Manchester United,West Ham,3,0,Win,51.0,86.0,12.0,0.75,49.0,87.0,22.0,1.4,13,18,1.6,1.6,52.2,36.0,82.6,75.2,17.0,10.6,1.8780000000000001,1.6460000000000001
1035394,Bournemouth,Nottingham Forest,1,1,Draw,44.0,69.0,9.0,1.27,56.0,77.0,8.0,0.53,2,15,1.8,1.6,42.2,40.8,75.8,78.4,14.8,9.8,1.7559999999999998,1.584
1035399,Chelsea,Wolves,2,4,Loss,64.0,89.0,15.0,1.74,36.0,79.0,14.0,2.0,6,19,2.4,1.4,54.8,41.2,85.8,77.8,13.2,9.8,2.574,1.2520000000000002
1035395,Arsenal,Liverpool,3,1,Win,43.0,78.0,15.0,3.5,57.0,84.0,10.0,0.37,0,10,2.4,2.2,61.0,64.4,88.4,84.2,22.4,14.0,2.6319999999999997,1.3780000000000001
1035396,Brentford,Manchester City,1,3,Loss,28.0,73.0,9.0,1.04,72.0,91.0,25.0,2.09,3,12,1.6,2.4,49.4,63.8,74.6,89.0,13.0,17.0,1.72,2.148
1035409,Manchester City,Everton,2,0,Win,73.0,92.0,19.0,1.63,27.0,76.0,5.0,0.32,12,8,2.2,0.8,68.8,38.6,91.0,72.4,16.8,14.0,1.902,1.3039999999999998
1035406,Fulham,Bournemouth,3,1,Win,49.0,75.0,7.0,1.55,51.0,78.0,25.0,1.84,9,2,2.4,2.0,60.4,47.8,86.2,77.6,17.4,14.4,1.848,1.574
1035413,Wolves,Brentford,0,2,Loss,71.0,87.0,17.0,1.05,29.0,61.0,9.0,1.94,19,3,2.0,0.8,51.4,45.2,79.6,75.2,11.8,10.4,1.492,1.3679999999999999
1035407,Liverpool,Burnley,3,1,Win,71.0,87.0,25.0,2.86,29.0,67.0,9.0,1.33,10,5,2.6,1.2,58.6,34.2,83.4,74.2,27.0,8.4,3.1180000000000003,0.882
1035411,Tottenham,Brighton,2,1,Win,53.0,85.0,16.0,1.65,47.0,83.0,6.0,1.24,17,4,2.6,0.6,62.2,62.6,85.6,88.0,18.0,14.6,2.482,1.268
1035408,Luton,Sheffield Utd,1,3,Loss,75.0,85.0,20.0,1.88,25.0,57.0,7.0,1.81,11,16,2.2,0.6,39.0,29.0,73.6,69.0,11.8,6.0,1.614,0.48
1035410,Nottingham Forest,Newcastle,2,3,Loss,38.0,79.0,13.0,1.5,62.0,88.0,7.0,0.48,15,14,1.0,1.2,40.0,49.4,73.8,81.0,11.2,11.2,0.85,1.598
1035412,West Ham,Arsenal,0,6,Loss,30.0,74.0,5.0,0.22,70.0,93.0,25.0,3.59,18,0,1.4,1.6,42.8,62.0,79.8,85.2,9.8,16.0,1.116,1.472
1035404,Aston Villa,Manchester United,1,2,Loss,56.0,87.0,23.0,2.43,44.0,80.0,17.0,1.79,1,13,1.4,1.0,58.0,48.2,83.6,79.8,15.0,11.2,1.7,1.272
1035405,Crystal Palace,Chelsea,1,3,Loss,23.0,66.0,13.0,0.56,77.0,90.0,14.0,1.4,7,6,1.6,1.2,43.4,58.6,76.8,86.0,12.0,12.2,1.246,1.3219999999999998
1035414,Brentford,Liverpool,1,4,Loss,37.0,69.0,15.0,1.69,63.0,83.0,15.0,2.82,3,10,1.8,2.2,47.8,67.8,76.2,84.6,13.0,14.4,1.6900000000000002,1.3399999999999999
1035420,Newcastle,Bournemouth,2,2,Draw,63.0,79.0,17.0,2.23,37.0,65.0,12.0,2.22,14,2,2.2,1.8,54.4,49.8,81.4,78.6,19.8,17.2,2.428,1.562
1035417,Fulham,Aston Villa,1,2,Loss,52.0,85.0,15.0,1.55,48.0,85.0,12.0,1.61,9,1,2.0,2.2,57.4,63.4,83.6,84.4,16.0,13.2,1.654,1.4419999999999997
1035415,Burnley,Arsenal,0,5,Loss,35.0,73.0,8.0,0.31,65.0,87.0,16.0,2.36,5,0,1.6,2.0,48.0,62.6,75.4,86.8,13.4,16.4,1.248,1.738
1035423,Tottenham,Wolves,1,2,Loss,71.0,89.0,15.0,1.62,29.0,71.0,12.0,1.75,17,19,2.8,1.8,57.8,40.4,84.4,78.6,16.6,10.6,2.4539999999999997,1.3820000000000001
1035421,Nottingham Forest,West Ham,2,0,Win,48.0,82.0,19.0,2.82,52.0,83.0,10.0,0.5,15,18,1.4,1.2,35.2,36.0,73.2,77.4,11.2,12.8,1.006,1.746
1035419,Manchester City,Chelsea,1,1,Draw,70.0,91.0,31.0,2.69,30.0,81.0,9.0,1.44,12,6,2.4,1.6,71.4,63.0,91.2,86.8,17.4,12.4,1.9560000000000002,1.298
1035422,Sheffield Utd,Brighton,0,5,Loss,21.0,68.0,6.0,0.59,79.0,94.0,24.0,2.9,16,4,1.0,0.4,41.6,58.4,70.6,86.6,13.4,12.2,1.6759999999999997,1.2879999999999998
1035418,Luton,Manchester United,1,2,Loss,59.0,84.0,22.0,1.82,41.0,76.0,21.0,2.98,11,13,1.8,1.4,47.4,48.6,77.4,80.6,14.6,13.0,1.888,1.5340000000000003
1035416,Everton,Crystal Palace,1,1,Draw,63.0,80.0,19.0,1.74,37.0,65.0,10.0,0.73,8,7,1.6,1.0,33.8,35.4,69.4,79.0,12.2,9.2,1.876,0.9040000000000001
1035349,Manchester City,Brentford,1,0,Win,70.0,92.0,25.0,2.45,30.0,75.0,6.0,0.35,12,3,2.0,1.2,74.4,42.6,91.8,72.2,20.2,9.0,1.98,1.4200000000000002
1035430,Liverpool,Luton,4,1,Win,61.0,83.0,29.0,3.32,39.0,74.0,12.0,0.92,10,11,2.4,1.8,60.6,44.4,84.4,77.4,26.8,10.8,3.2439999999999998,0.916
1035431,Manchester United,Fulham,1,2,Loss,57.0,86.0,21.0,1.72,43.0,82.0,17.0,1.2,13,9,2.0,1.0,49.4,45.2,82.4,77.4,16.4,10.4,1.592,0.8280000000000001
1035427,Brighton,Everton,1,1,Draw,65.0,90.0,23.0,1.41,35.0,80.0,6.0,0.29,4,8,2.2,0.6,64.0,36.4,89.2,74.6,17.2,12.6,2.082,1.234
1035429,Crystal Palace,Burnley,3,0,Win,56.0,79.0,15.0,2.4,44.0,71.0,2.0,0.08,7,5,1.8,1.4,36.2,30.2,73.4,72.2,11.4,7.8,1.156,0.9739999999999999
1035426,Aston Villa,Nottingham Forest,4,2,Win,58.0,92.0,16.0,3.57,42.0,86.0,10.0,2.56,1,15,1.4,1.4,60.0,42.8,84.0,77.6,15.2,9.4,1.7100000000000002,1.3519999999999999
1035424,Bournemouth,Manchester City,0,1,Loss,38.0,78.0,13.0,0.93,62.0,85.0,15.0,1.64,2,12,1.6,2.2,42.2,67.2,74.4,89.2,14.0,19.0,1.7880000000000003,1.9899999999999998
1035425,Arsenal,Newcastle,4,1,Win,55.0,85.0,18.0,2.86,45.0,80.0,3.0,0.16,0,14,2.4,1.8,56.8,49.6,86.8,81.8,22.2,10.0,2.9419999999999997,1.38
1035433,Wolves,Sheffield Utd,1,0,Win,64.0,87.0,13.0,1.31,36.0,76.0,12.0,0.58,19,16,1.8,1.2,55.4,26.8,81.2,66.0,13.8,6.2,1.536,0.764
1035432,West Ham,Brentford,4,2,Win,41.0,77.0,17.0,1.69,59.0,81.0,14.0,0.91,18,3,1.2,1.0,37.8,41.0,78.4,72.4,9.0,8.6,0.9339999999999999,1.186
1035440,Newcastle,Wolves,3,0,Win,44.0,78.0,14.0,2.19,56.0,85.0,12.0,0.8,14,19,2.4,2.0,55.4,37.6,80.6,76.8,18.8,11.8,2.3739999999999997,1.59
1035437,Fulham,Brighton,3,0,Win,30.0,71.0,12.0,1.3,70.0,89.0,15.0,1.34,9,4,1.2,1.4,55.2,64.0,82.8,87.4,16.2,15.8,1.4899999999999998,1.7299999999999998
1035436,Everton,West Ham,1,3,Loss,55.0,82.0,22.0,2.73,45.0,75.0,12.0,1.87,8,18,1.2,0.8,38.6,41.4,70.4,79.4,11.8,12.6,1.552,1.4
1035443,Tottenham,Crystal Palace,3,1,Win,78.0,89.0,14.0,1.91,22.0,70.0,4.0,0.32,17,7,2.2,1.0,60.8,33.8,85.0,77.2,15.0,9.4,2.016,0.8640000000000001
1035434,Brentford,Chelsea,2,2,Draw,32.0,69.0,14.0,1.83,68.0,85.0,17.0,1.81,3,6,1.4,1.8,41.4,54.6,73.0,85.6,10.6,11.0,1.334,1.3960000000000001
1035441,Nottingham Forest,Liverpool,0,1,Loss,29.0,67.0,8.0,0.97,71.0,86.0,22.0,2.07,15,10,1.8,2.6,38.2,65.2,75.0,84.4,12.0,14.4,1.3,1.566
1035438,Luton,Aston Villa,2,3,Loss,47.0,84.0,14.0,1.77,53.0,85.0,12.0,1.95,11,1,1.8,2.2,52.2,60.4,79.4,85.4,18.2,13.4,2.186,1.6280000000000001
1035435,Burnley,Bournemouth,0,2,Loss,75.0,82.0,20.0,1.49,25.0,56.0,10.0,1.12,5,2,0.6,1.6,42.2,51.0,73.2,77.6,11.2,17.6,0.9479999999999998,1.7100000000000002
1035439,Manchester City,Manchester United,3,1,Win,73.0,92.0,27.0,3.33,27.0,79.0,3.0,0.25,12,13,1.8,1.8,73.6,50.4,91.8,81.6,21.4,16.0,2.1480000000000006,1.98
1035442,Sheffield Utd,Arsenal,0,6,Loss,19.0,67.0,4.0,0.23,81.0,92.0,22.0,2.24,16,0,1.0,3.0,41.0,63.4,74.6,87.4,13.4,17.2,1.5959999999999999,1.9300000000000002
1035451,Manchester United,Everton,2,0,Win,51.0,82.0,15.0,2.72,49.0,84.0,23.0,1.61,13,8,1.8,0.4,51.8,35.8,82.6,76.2,15.0,12.0,1.1019999999999999,1.0000000000000002
1035444,Bournemouth,Sheffield Utd,2,2,Draw,70.0,84.0,32.0,3.35,30.0,59.0,13.0,1.25,2,16,1.2,1.2,40.2,29.6,74.4,69.0,12.8,7.4,1.482,0.808
1035453,Wolves,Fulham,2,1,Win,48.0,85.0,8.0,0.83,52.0,84.0,23.0,2.7,19,9,1.8,0.8,54.6,46.0,81.6,79.4,14.4,12.0,1.564,0.826
1035449,Crystal Palace,Luton,1,1,Draw,50.0,79.0,21.0,2.73,50.0,79.0,8.0,0.84,7,11,2.2,2.0,42.6,45.2,77.6,76.4,12.8,11.2,1.2879999999999998,1.018
1035445,Arsenal,Brentford,2,1,Win,72.0,82.0,17.0,1.28,28.0,54.0,9.0,0.97,0,3,2.8,1.4,56.4,40.8,86.2,72.8,22.0,9.4,2.936,1.236
1035446,Aston Villa,Tottenham,0,4,Loss,31.0,79.0,10.0,0.83,69.0,91.0,9.0,1.55,1,17,2.0,2.2,63.8,57.6,88.0,85.4,16.4,12.8,2.31,1.318
1035452,West Ham,Burnley,2,2,Draw,52.0,73.0,22.0,2.11,48.0,70.0,11.0,0.68,18,5,1.4,1.2,37.2,33.4,78.0,71.8,9.8,7.0,1.0459999999999998,0.8779999999999999
1035447,Brighton,Nottingham Forest,1,0,Win,64.0,92.0,10.0,0.43,36.0,83.0,9.0,0.7,4,15,2.0,1.8,64.6,44.0,89.8,78.4,18.2,10.6,2.05,1.812
1035450,Liverpool,Manchester City,1,1,Draw,53.0,84.0,19.0,2.7,47.0,82.0,10.0,1.56,10,12,3.2,2.4,59.2,68.8,84.2,88.8,25.8,21.6,3.432,2.1879999999999997
1035448,Chelsea,Newcastle,3,2,Win,45.0,79.0,12.0,1.57,55.0,83.0,11.0,0.74,6,14,2.0,1.8,58.6,49.8,86.6,81.0,12.8,8.8,2.332,1.074
1035334,Bournemouth,Luton,4,3,Win,59.0,79.0,24.0,2.35,41.0,68.0,8.0,2.06,2,11,1.2,2.0,46.8,49.0,76.8,78.4,16.2,11.4,1.748,1.1400000000000001
1035456,Burnley,Brentford,2,1,Win,61.0,80.0,17.0,2.77,39.0,63.0,9.0,1.16,5,3,0.6,1.4,44.8,35.6,72.6,67.4,12.4,9.4,1.1039999999999999,1.152
1035460,Luton,Nottingham Forest,1,1,Draw,60.0,81.0,10.0,0.58,40.0,72.0,16.0,1.98,11,15,2.0,1.6,54.6,44.8,81.4,81.4,17.8,10.8,2.242,1.6939999999999997
1035459,Fulham,Tottenham,3,0,Win,43.0,76.0,16.0,2.76,57.0,84.0,14.0,2.41,9,17,1.8,2.4,48.0,62.4,80.0,86.6,14.8,13.0,1.466,1.536
1035462,West Ham,Aston Villa,1,1,Draw,31.0,77.0,13.0,2.02,69.0,88.0,13.0,0.66,18,1,1.4,2.4,40.6,57.6,76.8,85.4,11.8,12.8,1.218,1.734
1035470,Newcastle,West Ham,4,3,Win,60.0,82.0,24.0,4.07,40.0,72.0,10.0,1.42,14,18,2.4,1.4,50.0,43.0,78.2,77.6,16.2,13.2,2.1100000000000003,1.5060000000000002
1035464,Bournemouth,Everton,2,1,Win,49.0,72.0,11.0,1.32,51.0,73.0,7.0,1.01,2,8,1.4,0.2,50.0,37.8,76.4,77.6,17.8,13.0,1.8539999999999999,0.966
1035473,Tottenham,Luton,2,1,Win,70.0,85.0,17.0,2.99,30.0,69.0,7.0,0.52,17,11,2.4,2.0,64.2,47.4,86.0,76.6,15.2,10.6,2.102,1.426
1035467,Chelsea,Burnley,2,2,Draw,69.0,90.0,33.0,4.26,31.0,75.0,18.0,1.64,6,5,2.0,1.2,61.2,36.2,86.4,70.8,13.6,7.8,2.224,0.9400000000000001
1035472,Sheffield Utd,Fulham,3,3,Draw,26.0,62.0,8.0,1.89,74.0,86.0,24.0,1.3,16,9,0.8,1.0,36.8,50.6,73.6,80.8,12.4,15.4,1.48,1.31
1035471,Nottingham Forest,Crystal Palace,1,1,Draw,58.0,84.0,12.0,0.92,42.0,76.0,10.0,1.19,15,7,1.4,0.8,37.4,33.0,75.8,76.0,11.4,9.2,1.29,0.564
1035465,Aston Villa,Wolves,2,0,Win,48.0,88.0,11.0,0.98,52.0,87.0,13.0,1.49,1,19,1.8,2.0,54.4,37.6,86.2,77.0,16.0,11.4,2.304,1.6179999999999999
1035466,Brentford,Manchester United,1,1,Draw,47.0,70.0,31.0,3.29,53.0,80.0,11.0,0.59,3,13,1.6,2.0,41.2,42.8,73.2,80.2,12.6,14.4,1.598,1.8240000000000003
1035468,Liverpool,Brighton,2,1,Win,54.0,89.0,30.0,2.83,46.0,86.0,9.0,0.45,10,4,3.2,1.2,59.6,64.8,84.8,87.0,27.0,15.2,3.778,1.7600000000000002
1035469,Manchester City,Arsenal,0,0,Draw,73.0,88.0,12.0,1.02,27.0,71.0,6.0,0.66,12,0,2.0,4.0,72.0,69.8,91.4,89.8,23.2,19.0,2.372,2.23
1035481,Newcastle,Everton,1,1,Draw,58.0,81.0,18.0,2.44,42.0,75.0,10.0,1.44,14,8,3.0,0.4,49.6,38.6,77.2,76.4,17.2,12.4,2.438,1.076
1035478,Nottingham Forest,Fulham,3,1,Win,33.0,78.0,16.0,1.53,67.0,88.0,18.0,1.5,15,9,1.2,1.6,40.0,54.0,77.0,81.2,12.2,18.6,1.334,1.5139999999999998
1035474,Bournemouth,Crystal Palace,1,0,Win,50.0,79.0,11.0,1.1,50.0,77.0,3.0,0.19,2,7,1.8,0.8,52.0,34.2,76.4,74.8,17.8,8.6,1.844,0.578
1035477,Burnley,Wolves,1,1,Draw,51.0,84.0,13.0,1.34,49.0,84.0,8.0,0.9,5,19,1.0,1.2,50.8,40.2,76.0,79.6,14.0,11.8,1.496,1.438
1035479,West Ham,Tottenham,1,1,Draw,32.0,79.0,11.0,1.49,68.0,89.0,13.0,0.96,18,17,1.6,2.0,40.6,60.4,76.0,85.6,13.2,13.4,1.486,1.704
1035475,Arsenal,Luton,2,0,Win,58.0,88.0,13.0,0.82,42.0,82.0,5.0,0.34,0,11,2.8,2.0,61.0,41.2,84.6,74.2,20.2,9.2,2.724,1.3399999999999999
1035476,Brentford,Brighton,0,0,Draw,33.0,77.0,5.0,0.57,67.0,91.0,24.0,1.14,3,4,1.6,1.4,38.4,60.2,71.2,85.8,16.0,12.6,1.81,1.374
1035483,Manchester City,Aston Villa,4,1,Win,67.0,92.0,25.0,3.46,33.0,86.0,8.0,0.77,12,1,1.4,2.2,71.8,60.6,91.0,86.6,22.8,13.4,2.224,1.534
1035482,Liverpool,Sheffield Utd,3,1,Win,83.0,91.0,29.0,1.83,17.0,49.0,5.0,0.59,10,16,2.8,1.4,58.0,31.2,85.6,68.2,26.2,9.0,2.9219999999999997,0.942
1035480,Chelsea,Manchester United,4,3,Win,57.0,86.0,28.0,3.02,43.0,80.0,19.0,1.47,6,13,2.0,2.0,59.4,42.4,86.2,80.0,17.2,14.6,2.4659999999999997,1.7900000000000003
1035486,Crystal Palace,Manchester City,2,4,Loss,25.0,78.0,7.0,1.08,75.0,91.0,18.0,1.91,7,12,2.2,2.2,45.8,65.2,77.8,88.0,14.8,20.0,1.564,2.178
1035488,Fulham,Newcastle,0,1,Loss,67.0,85.0,14.0,1.26,33.0,76.0,12.0,0.97,9,14,2.0,2.2,48.6,47.8,78.6,81.0,15.0,8.0,1.7739999999999998,0.922
1035493,Wolves,West Ham,1,2,Loss,58.0,87.0,14.0,1.47,42.0,84.0,11.0,1.16,19,18,1.8,1.6,57.8,45.8,85.4,78.2,13.2,14.0,1.4760000000000002,1.5060000000000002
1035487,Everton,Burnley,1,0,Win,37.0,68.0,12.0,0.94,63.0,78.0,6.0,0.46,8,5,1.0,1.2,44.0,35.6,74.0,71.4,14.4,9.6,1.8539999999999999,1.034
1035484,Aston Villa,Brentford,3,3,Draw,70.0,85.0,11.0,1.52,30.0,68.0,8.0,1.56,1,3,1.6,1.2,50.8,37.0,86.8,66.8,14.4,9.4,1.8539999999999999,1.066
1035489,Luton,Bournemouth,2,1,Win,56.0,75.0,19.0,1.46,44.0,68.0,8.0,0.41,11,2,1.8,1.4,56.4,42.6,81.0,72.2,16.8,16.0,1.8519999999999999,1.612
1035485,Brighton,Arsenal,0,3,Loss,55.0,88.0,10.0,0.53,45.0,83.0,20.0,3.39,4,0,2.0,3.8,63.0,63.2,90.0,86.4,14.4,17.6,1.58,2.0340000000000003
1035490,Manchester United,Liverpool,2,2,Draw,38.0,77.0,9.0,0.7,62.0,85.0,28.0,3.67,13,10,2.2,2.4,48.2,64.2,82.0,84.2,14.0,16.0,1.4140000000000001,1.73
1035491,Sheffield Utd,Chelsea,2,2,Draw,32.0,75.0,11.0,1.38,68.0,86.0,6.0,0.24,16,6,1.0,2.0,31.8,54.6,71.2,85.0,9.8,11.2,1.34,1.3459999999999999
1035492,Tottenham,Nottingham Forest,3,1,Win,64.0,88.0,17.0,1.55,36.0,83.0,13.0,1.55,17,15,2.2,1.2,68.0,45.2,86.8,79.8,16.2,11.0,2.2359999999999998,1.3980000000000001
1035501,Newcastle,Tottenham,4,0,Win,27.0,65.0,18.0,2.88,73.0,87.0,11.0,0.77,14,17,2.8,1.8,55.8,63.0,78.8,86.4,18.4,12.2,2.666,1.426
1035497,Burnley,Brighton,1,1,Draw,45.0,81.0,11.0,1.71,55.0,86.0,20.0,0.86,5,4,1.0,1.4,53.2,61.8,78.8,88.6,14.0,15.6,1.544,1.414
1035500,Manchester City,Luton,5,1,Win,74.0,92.0,37.0,4.32,26.0,78.0,4.0,0.51,12,11,1.8,1.2,70.6,40.4,91.0,74.4,24.0,8.0,2.59,0.9359999999999999
1035496,Brentford,Sheffield Utd,2,0,Win,53.0,76.0,9.0,1.02,47.0,70.0,8.0,0.84,3,16,1.0,1.6,35.4,30.8,71.6,63.0,14.8,9.2,1.684,0.998
1035502,Nottingham Forest,Wolves,2,2,Draw,46.0,82.0,18.0,1.92,54.0,86.0,11.0,1.09,15,19,1.6,1.4,41.2,44.4,78.0,81.2,13.6,11.8,1.548,1.3880000000000001
1035494,Bournemouth,Manchester United,2,2,Draw,43.0,75.0,20.0,1.64,57.0,82.0,8.0,1.26,2,13,1.8,1.8,53.2,41.6,78.4,79.0,18.2,14.2,1.81,1.4160000000000001
1035499,Liverpool,Crystal Palace,0,1,Loss,70.0,84.0,21.0,2.81,30.0,69.0,8.0,1.98,10,7,2.6,0.8,64.4,36.4,86.8,74.6,26.4,6.8,2.7079999999999997,0.546
1035503,West Ham,Fulham,0,2,Loss,58.0,86.0,15.0,0.93,42.0,80.0,18.0,3.29,18,9,1.6,1.8,37.2,58.4,76.0,83.2,13.6,19.4,1.5059999999999998,1.6420000000000001
1035495,Arsenal,Aston Villa,0,2,Loss,52.0,87.0,18.0,1.64,48.0,83.0,11.0,0.94,0,1,3.2,2.4,57.8,53.4,84.0,86.6,16.8,11.8,2.334,1.436
1035498,Chelsea,Everton,6,0,Win,59.0,88.0,14.0,3.08,41.0,78.0,10.0,1.48,6,8,2.4,0.6,58.0,40.8,85.6,77.6,21.0,10.2,2.556,0.9339999999999999
1035511,Sheffield Utd,Burnley,1,4,Loss,49.0,78.0,18.0,2.43,51.0,83.0,16.0,2.18,16,5,1.0,1.0,26.8,43.0,70.2,72.2,7.8,9.2,1.114,0.8380000000000001
1035509,Luton,Brentford,1,5,Loss,53.0,76.0,6.0,0.59,47.0,75.0,21.0,3.14,11,3,1.4,1.4,59.4,37.2,81.8,68.2,17.0,9.2,1.502,0.9899999999999999
1035513,Wolves,Arsenal,0,2,Loss,46.0,82.0,5.0,0.14,54.0,87.0,24.0,1.26,19,0,1.4,4.0,58.8,57.6,86.6,85.2,13.6,17.8,1.372,2.4480000000000004
1035507,Everton,Nottingham Forest,2,0,Win,40.0,75.0,7.0,0.34,60.0,83.0,8.0,0.95,8,15,1.0,1.0,45.8,42.0,73.2,80.2,15.4,11.2,1.8459999999999996,1.464
1035506,Crystal Palace,West Ham,5,2,Win,61.0,85.0,18.0,2.36,39.0,81.0,4.0,1.27,7,18,2.0,1.6,41.6,45.6,77.0,80.2,13.6,13.0,1.584,1.27
1035504,Aston Villa,Bournemouth,3,1,Win,56.0,84.0,15.0,2.51,44.0,83.0,14.0,1.77,1,2,2.0,1.4,52.6,41.6,86.2,68.8,14.2,12.8,1.866,1.358
1035508,Fulham,Liverpool,1,3,Loss,40.0,78.0,12.0,0.8,60.0,86.0,14.0,1.0,9,10,2.0,2.4,48.2,62.8,78.4,84.2,12.8,17.8,1.684,2.1
1035454,Arsenal,Chelsea,5,0,Win,44.0,88.0,27.0,3.42,56.0,88.0,7.0,1.68,0,6,2.2,1.8,56.0,58.4,84.0,85.6,16.2,10.0,2.02,1.094
1035463,Wolves,Bournemouth,0,1,Loss,63.0,81.0,15.0,0.56,37.0,74.0,21.0,1.96,19,2,0.8,1.4,57.4,40.2,85.6,70.0,11.4,13.8,0.96,1.472
1035461,Manchester United,Sheffield Utd,4,2,Win,72.0,90.0,25.0,2.94,28.0,74.0,10.0,0.82,13,16,2.0,1.2,46.6,31.0,81.4,62.2,13.2,9.0,1.3279999999999998,1.014
1035458,Everton,Liverpool,2,0,Win,24.0,62.0,16.0,1.26,76.0,89.0,23.0,2.08,8,10,1.4,2.2,47.6,62.6,75.6,84.8,14.8,17.8,1.674,1.986
1035457,Crystal Palace,Newcastle,2,0,Win,47.0,76.0,20.0,0.89,53.0,77.0,7.0,0.36,7,14,2.4,2.0,43.0,46.8,77.4,81.2,14.8,9.4,1.8259999999999998,0.9960000000000001
1035455,Brighton,Manchester City,0,4,Loss,35.0,89.0,7.0,0.62,65.0,93.0,14.0,1.36,4,12,1.2,2.4,65.0,65.8,91.0,88.0,13.4,19.0,0.97,2.04
1035522,West Ham,Liverpool,2,2,Draw,29.0,69.0,11.0,0.7,71.0,87.0,28.0,1.75,18,10,1.6,2.0,42.8,66.4,78.4,85.8,15.6,20.4,1.6480000000000001,2.3280000000000003
1035518,Manchester United,Burnley,1,1,Draw,48.0,78.0,27.0,2.71,52.0,79.0,16.0,2.06,13,5,2.4,1.6,53.8,47.4,84.2,75.4,16.4,10.6,1.766,1.008
1035519,Newcastle,Sheffield Utd,5,1,Win,60.0,87.0,20.0,3.11,40.0,81.0,15.0,1.55,14,16,2.8,1.0,50.4,31.6,77.0,65.6,18.2,9.6,2.7619999999999996,0.8160000000000001
1035517,Fulham,Crystal Palace,1,1,Draw,54.0,79.0,9.0,1.14,46.0,81.0,14.0,1.01,9,7,1.6,0.8,46.4,36.2,79.0,71.4,13.8,7.0,1.534,0.882
1035523,Wolves,Luton,2,1,Win,58.0,87.0,13.0,1.21,42.0,84.0,9.0,0.59,19,11,0.8,1.2,55.8,37.8,84.4,75.2,11.0,6.4,0.8620000000000001,0.8539999999999999
1035516,Everton,Brentford,1,0,Win,48.0,78.0,18.0,0.86,52.0,78.0,10.0,0.88,8,3,1.4,2.4,43.8,40.6,73.4,68.2,15.2,12.2,1.402,1.548
1035515,Aston Villa,Chelsea,2,2,Draw,29.0,77.0,9.0,1.1,71.0,92.0,21.0,1.57,1,6,2.4,1.6,52.6,59.8,85.6,86.0,12.6,10.6,1.8820000000000001,1.314
1035514,Bournemouth,Brighton,3,0,Win,30.0,74.0,15.0,2.11,70.0,89.0,13.0,0.94,2,4,2.2,1.4,54.2,63.4,77.8,89.2,19.6,18.4,1.9520000000000004,1.338
1035521,Tottenham,Arsenal,2,3,Loss,62.0,90.0,15.0,2.42,38.0,81.0,9.0,1.03,17,0,2.2,3.2,67.2,54.4,87.2,84.0,15.8,17.6,1.9439999999999997,1.9820000000000004
1035520,Nottingham Forest,Manchester City,0,2,Loss,33.0,81.0,14.0,1.93,67.0,91.0,11.0,0.87,15,12,1.6,2.6,42.8,64.2,78.6,88.4,14.6,16.4,1.6320000000000001,1.7120000000000002
1035428,Chelsea,Tottenham,2,0,Win,37.0,77.0,16.0,2.14,63.0,86.0,19.0,1.61,6,17,3.4,1.4,58.8,64.8,86.4,85.8,20.4,11.2,2.734,1.334
1035531,Luton,Everton,1,1,Draw,50.0,82.0,18.0,0.81,50.0,80.0,10.0,1.42,11,8,1.4,0.6,55.0,43.6,80.0,78.0,14.2,11.2,1.244,1.166
1035524,Arsenal,Bournemouth,3,0,Win,55.0,84.0,25.0,3.38,45.0,82.0,7.0,0.46,0,2,2.6,1.4,56.2,37.4,86.0,69.2,18.6,13.0,2.004,1.496
1035527,Burnley,Newcastle,1,4,Loss,47.0,77.0,17.0,1.04,53.0,80.0,23.0,3.54,5,14,0.8,1.4,53.4,49.6,80.0,80.8,13.8,8.0,1.524,0.542
1035525,Brentford,Fulham,0,0,Draw,54.0,81.0,7.0,0.63,46.0,75.0,15.0,1.28,3,9,1.2,1.8,40.4,55.6,72.2,84.0,14.8,20.0,1.6799999999999997,1.998
1035533,Sheffield Utd,Nottingham Forest,1,3,Loss,54.0,79.0,17.0,2.27,46.0,78.0,15.0,1.49,16,15,1.2,0.8,29.4,42.8,70.0,81.4,9.4,11.2,1.3039999999999998,1.548
1035532,Manchester City,Wolves,5,1,Win,58.0,91.0,20.0,3.74,42.0,85.0,2.0,0.35,12,19,2.6,1.0,71.4,48.0,91.2,82.6,25.2,11.2,2.916,1.206
1035528,Chelsea,West Ham,5,0,Win,69.0,93.0,25.0,4.22,31.0,82.0,13.0,0.88,6,18,3.4,2.0,53.4,43.6,84.0,79.0,20.6,9.4,2.814,1.2440000000000002
1035526,Brighton,Aston Villa,1,0,Win,53.0,86.0,15.0,2.53,47.0,86.0,2.0,0.05,4,1,1.2,1.8,57.6,50.2,90.6,85.4,12.6,11.2,0.884,1.1860000000000002
1035530,Liverpool,Tottenham,4,2,Win,44.0,83.0,25.0,3.37,56.0,86.0,11.0,1.24,10,17,2.0,1.0,64.2,66.0,86.2,87.4,25.6,13.2,2.698,1.46
1035529,Crystal Palace,Manchester United,4,0,Win,43.0,82.0,18.0,1.75,57.0,85.0,7.0,0.35,7,13,2.6,1.8,47.8,44.2,79.4,79.4,16.2,12.4,1.8920000000000001,1.31
1035537,Fulham,Manchester City,0,4,Loss,36.0,84.0,1.0,0.12,64.0,92.0,16.0,3.25,9,12,1.6,2.4,46.8,63.2,77.8,88.4,12.6,13.6,1.452,1.468
1035539,Newcastle,Brighton,1,1,Draw,56.0,86.0,18.0,2.22,44.0,84.0,15.0,1.37,14,4,3.4,0.4,49.8,61.6,78.6,88.2,18.8,16.2,2.938,0.946
1035534,Bournemouth,Brentford,1,2,Loss,48.0,74.0,13.0,0.67,52.0,76.0,11.0,1.08,2,3,2.4,2.0,46.2,39.2,75.8,67.6,16.2,11.4,1.704,1.542
1035543,Wolves,Crystal Palace,1,3,Loss,62.0,83.0,14.0,1.57,38.0,73.0,13.0,2.7,19,7,1.0,0.8,54.6,38.0,84.4,74.6,11.0,7.8,0.842,0.938
1035536,Everton,Sheffield Utd,1,0,Win,58.0,84.0,15.0,2.35,42.0,78.0,13.0,0.6,8,16,1.4,1.2,40.8,32.4,73.0,66.6,15.0,10.2,1.226,1.01
1035541,Tottenham,Burnley,2,1,Win,63.0,88.0,21.0,2.72,37.0,74.0,7.0,0.67,17,5,2.2,1.8,69.0,49.0,88.2,77.0,15.6,13.4,2.098,1.404
1035542,West Ham,Luton,3,1,Win,58.0,83.0,24.0,3.17,42.0,78.0,4.0,0.32,18,11,1.2,1.2,40.4,36.2,76.8,76.2,14.4,6.6,1.45,0.8039999999999999
1035540,Nottingham Forest,Chelsea,2,3,Loss,32.0,79.0,20.0,1.56,68.0,91.0,12.0,1.59,15,6,1.2,1.4,39.8,58.6,78.4,86.4,13.6,12.0,1.454,1.348
1035538,Manchester United,Arsenal,0,1,Loss,54.0,86.0,14.0,0.51,46.0,83.0,11.0,1.52,13,0,2.0,2.8,53.2,49.0,82.6,82.8,19.4,16.2,2.158,1.716
1035535,Aston Villa,Liverpool,3,3,Draw,41.0,85.0,19.0,3.2,59.0,88.0,14.0,1.74,1,10,2.0,1.6,46.8,68.0,82.6,86.6,11.2,23.0,1.388,2.114
1035512,Tottenham,Manchester City,0,2,Loss,53.0,89.0,10.0,1.66,47.0,89.0,8.0,2.4,17,12,2.4,3.0,67.4,63.6,88.0,89.8,16.8,13.8,2.318,1.7899999999999998
1035505,Brighton,Chelsea,1,2,Loss,55.0,91.0,12.0,1.27,45.0,91.0,14.0,1.54,4,6,0.6,1.8,54.4,66.2,89.0,88.4,13.0,12.6,1.1039999999999999,1.3780000000000001
1035510,Manchester United,Newcastle,3,2,Win,45.0,78.0,17.0,1.45,55.0,83.0,21.0,2.37,13,14,1.8,1.6,52.6,47.8,82.6,79.2,18.0,11.2,1.9160000000000004,1.154
1035550,Liverpool,Wolves,2,0,Win,67.0,91.0,36.0,4.74,33.0,76.0,4.0,0.5,10,19,2.0,0.8,60.8,50.6,86.2,85.4,24.8,9.2,2.7079999999999997,0.9259999999999999
1035544,Arsenal,Everton,2,1,Win,69.0,89.0,26.0,3.01,31.0,72.0,5.0,0.61,0,8,2.4,0.6,56.2,46.6,85.8,78.0,20.0,12.0,2.1079999999999997,1.392
1035547,Burnley,Nottingham Forest,1,2,Loss,73.0,90.0,20.0,1.21,27.0,72.0,12.0,1.78,5,15,1.0,1.0,55.8,43.6,80.8,79.8,15.6,12.2,1.6700000000000004,1.334
1035548,Chelsea,Bournemouth,2,1,Win,61.0,86.0,16.0,1.14,39.0,82.0,22.0,2.22,6,2,3.8,1.0,58.2,39.0,86.8,72.6,23.2,12.0,3.344,1.144
1035552,Manchester City,West Ham,3,1,Win,71.0,93.0,28.0,2.04,29.0,80.0,3.0,0.36,12,18,3.4,2.0,69.0,39.4,91.0,78.8,24.2,10.0,3.174,1.32
1035546,Brighton,Manchester United,0,2,Loss,55.0,90.0,17.0,1.88,45.0,86.0,11.0,1.29,4,13,0.6,1.4,52.4,47.4,89.2,81.2,10.8,9.6,1.0759999999999998,0.784
1035549,Crystal Palace,Aston Villa,5,0,Win,54.0,90.0,15.0,2.54,46.0,87.0,8.0,1.02,7,1,2.8,1.4,45.2,50.0,80.0,85.6,16.8,9.2,1.762,0.874
1035545,Brentford,Newcastle,2,4,Loss,54.0,84.0,10.0,1.13,46.0,80.0,12.0,3.43,3,14,1.0,1.8,43.8,49.8,74.6,79.8,13.2,14.8,1.468,1.596
1035553,Sheffield Utd,Tottenham,0,3,Loss,24.0,73.0,6.0,0.98,76.0,91.0,18.0,3.16,16,17,1.4,0.6,36.0,63.4,72.2,86.4,11.6,13.6,1.64,1.3980000000000001
1035551,Luton,Fulham,2,4,Loss,40.0,81.0,15.0,2.1,60.0,85.0,16.0,1.09,11,9,1.4,1.4,53.2,56.2,79.6,82.6,13.4,19.6,1.042,2.014
